email,label
Congratulations you won a free prize,spam
 Claim your cash reward now,spam
Win money by clicking this link,spam
You have won a lottery,spam
Free gift waiting for you,spam
Get a loan instantly,spam
Click here to claim your offer,spam
You won 50000 rupees,spam
Limited offer buy now,spam
Earn money from home,spam
Hello how are you,ham
Tomorrow we have a Python class,ham
Please send me the assignment,ham
Your meeting is scheduled at 10 AM,ham
Can we meet tomorrow,ham
Please check your college email,ham
The exam starts next Monda,ham
I have completed the project,ham
Thank you for your help,ham
Please submit the report today,ham
